{
  "16x16": {
    "vlr_size": 16,
    "psnr_mean": 27.24481129597806,
    "psnr_std": 2.8144664356186992,
    "ssim_mean": 0.6936292085789851,
    "ssim_std": 0.07666273236725314,
    "feature_preservation_mean": 0.9797005090791951,
    "feature_preservation_std": 0.01220875946286877,
    "eer": 0.2714476744186047,
    "eer_threshold": 0.928506076335907,
    "roc_auc": 0.8115382283065384,
    "tar_at_far_0001": 0.03587473299800179,
    "tar_at_far_001": 0.06707090194997588,
    "tar_at_far_01": 0.15663198511679186,
    "tar_at_far_10": 0.4523633983325295,
    "d_prime": 1.0668575349143798,
    "genuine_score_mean": 0.9430726519747896,
    "genuine_score_std": 0.04069030035560171,
    "impostor_score_mean": 0.8634080523391536,
    "impostor_score_std": 0.09744831696545285,
    "rank1_accuracy_1v1": 0.550808793031937,
    "rank1_accuracy_1v10": 0.23973454997926172,
    "rank1_accuracy_1v100": 0.07382828701783492,
    "rank1_accuracy_1vN": 0.02668325729296281,
    "rank5_accuracy_1vN": 0.05295174892852205,
    "rank10_accuracy_1vN": 0.0644269321166874,
    "rank20_accuracy_1vN": 0.08281487626157888,
    "rank1_accuracy": 0.02668325729296281,
    "rank5_accuracy": 0.05295174892852205,
    "rank10_accuracy": 0.0644269321166874,
    "identity_sim_mean": 0.9797005090791951,
    "identity_sim_std": 0.01220875946286877,
    "cmc_curve": [
      0.02668325729296281,
      0.04106180008295313,
      0.04714502972487211,
      0.050324899764966124,
      0.05295174892852205,
      0.05557859809207798,
      0.05862021291303747,
      0.060279275542651736,
      0.06262961426793862,
      0.0644269321166874,
      0.06511820821236002,
      0.0669155260611088,
      0.06940412000553021,
      0.07258399004562423,
      0.07438130789437301,
      0.07604037052398728,
      0.0774229227153325,
      0.07894373012581225,
      0.08032628231715747,
      0.08281487626157888,
      0.0854417254251348,
      0.0866860223973455,
      0.08889810590349785,
      0.09069542375224665,
      0.09290750725839901,
      0.09539610120282041,
      0.09733167427070372,
      0.09871422646204894,
      0.10064979952993225,
      0.102170606940412,
      0.10355315913175722,
      0.10507396654223697,
      0.10659477395271671,
      0.10866860223973455,
      0.11129545140329047,
      0.11364579012857735,
      0.11530485275819162,
      0.1171021706069404,
      0.11931425411309277,
      0.12028204064703442,
      0.12180284805751417,
      0.12360016590626297,
      0.12498271809760818,
      0.12636527028895342,
      0.1276095672611641,
      0.12954514032904743,
      0.13037467164385455,
      0.13148071339693074,
      0.13286326558827596,
      0.13369279690308308,
      0.13549011475183187,
      0.13728743260058068,
      0.1393612608875985,
      0.14060555785980922,
      0.14143508917461634,
      0.14295589658509608,
      0.1442001935573068,
      0.14572100096778653,
      0.14724180837826628,
      0.14820959491220795,
      0.14945389188441863,
      0.15014516798009125,
      0.15152772017143648,
      0.15249550670537812,
      0.1536015484584543,
      0.154845845430665,
      0.15567537674547213,
      0.15719618415595188,
      0.15885524678556615,
      0.15996128853864233,
      0.16106733029171852,
      0.16217337204479468,
      0.16452371077008157,
      0.16645928383796488,
      0.16728881515277202,
      0.1690861330015208,
      0.170192174754597,
      0.17102170606940412,
      0.17295727913728742,
      0.1740633208903636,
      0.17558412830084336,
      0.17669017005391954,
      0.1790405087792064,
      0.17973178487487904,
      0.1808378266279552,
      0.1813908475044933,
      0.18249688925756946,
      0.18346467579151113,
      0.18429420710631828,
      0.18526199364025991,
      0.18678280105073966,
      0.18775058758468133,
      0.18871837411862297,
      0.18968616065256463,
      0.19148347850131342,
      0.19203649937785153,
      0.1931425411309277,
      0.19424858288400387,
      0.19493985897967647,
      0.19618415595188718
    ]
  },
  "24x24": {
    "vlr_size": 24,
    "psnr_mean": 31.575775610000747,
    "psnr_std": 2.9122069111176,
    "ssim_mean": 0.8760045878840015,
    "ssim_std": 0.04209755441081714,
    "feature_preservation_mean": 0.9883903385395333,
    "feature_preservation_std": 0.00834876684689152,
    "eer": 0.23677906976744187,
    "eer_threshold": 0.8814330697059631,
    "roc_auc": 0.8479802335296023,
    "tar_at_far_0001": 0.03561289878040377,
    "tar_at_far_001": 0.08478949906979949,
    "tar_at_far_01": 0.21792875353131674,
    "tar_at_far_10": 0.551602011989251,
    "d_prime": 1.2685912572268543,
    "genuine_score_mean": 0.9102237045176085,
    "genuine_score_std": 0.07346319718472667,
    "impostor_score_mean": 0.7558588559023905,
    "impostor_score_std": 0.15561563459841873,
    "rank1_accuracy_1v1": 0.925618692105627,
    "rank1_accuracy_1v10": 0.49108253836582333,
    "rank1_accuracy_1v100": 0.15097469929489837,
    "rank1_accuracy_1vN": 0.020876538089312873,
    "rank5_accuracy_1vN": 0.06802156781418499,
    "rank10_accuracy_1vN": 0.11627263929213327,
    "rank20_accuracy_1vN": 0.19272777547352413,
    "rank1_accuracy": 0.020876538089312873,
    "rank5_accuracy": 0.06802156781418499,
    "rank10_accuracy": 0.11627263929213327,
    "identity_sim_mean": 0.9883903385395333,
    "identity_sim_std": 0.00834876684689152,