{
  "16x16": {
    "vlr_size": 16,
    "psnr_mean": 27.283417025071955,
    "psnr_std": 2.8456662458113313,
    "ssim_mean": 0.7015286575881637,
    "ssim_std": 0.07583560131328987,
    "feature_preservation_mean": 0.9815081762984038,
    "feature_preservation_std": 0.011436688954678944,
    "eer": 0.271703488372093,
    "eer_threshold": 0.9284920692443848,
    "roc_auc": 0.8109541183505886,
    "tar_at_far_0001": 0.03427961138289809,
    "tar_at_far_001": 0.0684834286501757,
    "tar_at_far_01": 0.15761730861985807,
    "tar_at_far_10": 0.4523289464617929,
    "d_prime": 1.0606978857683085,
    "genuine_score_mean": 0.9429860610832914,
    "genuine_score_std": 0.040854193292897203,
    "impostor_score_mean": 0.863122041761312,
    "impostor_score_std": 0.09833239680874903,
    "rank1_accuracy_1v1": 0.5531591317572239,
    "rank1_accuracy_1v10": 0.23918152910272364,
    "rank1_accuracy_1v100": 0.07659339140052537,
    "rank1_accuracy_1vN": 0.026545002073828285,
    "rank5_accuracy_1vN": 0.0532282593667911,
    "rank10_accuracy_1vN": 0.06415042167841836,
    "rank20_accuracy_1vN": 0.08309138669984792,
    "rank1_accuracy": 0.026545002073828285,
    "rank5_accuracy": 0.0532282593667911,
    "rank10_accuracy": 0.06415042167841836,
    "identity_sim_mean": 0.9815081762984038,
    "identity_sim_std": 0.011436688954678944,
    "cmc_curve": [
      0.026545002073828285,
      0.040647034425549566,
      0.046730264067468545,
      0.050048389326697085,
      0.0532282593667911,
      0.05557859809207798,
      0.05848195769390294,
      0.060279275542651736,
      0.06221484861053505,
      0.06415042167841836,
      0.0662242499654362,
      0.06815982303331951,
      0.07064841697774091,
      0.07299875570302779,
      0.0756256048665837,
      0.0774229227153325,
      0.07852896446840868,
      0.08018802709802295,
      0.08184708972763721,
      0.08309138669984792,
      0.08461219411032767,
      0.0866860223973455,
      0.08945112678003594,
      0.09069542375224665,
      0.09359878335407161,
      0.09539610120282041,
      0.09746992948983824,
      0.09871422646204894,
      0.10078805474906678,
      0.10189409650214296,
      0.10369141435089174,
      0.10535047698050601,
      0.10700953961012029,
      0.1089451126780036,
      0.11129545140329047,
      0.11323102447117378,
      0.11668740494953685,
      0.1176551914834785,
      0.11862297801742015,
      0.12042029586616895,
      0.12235586893405226,
      0.123876676344532,
      0.12525922853587723,
      0.12636527028895342,
      0.1281625881377022,
      0.1294068851099129,
      0.1300981612055855,
      0.1312042029586617,
      0.1324484999308724,
      0.1338310521222176,
      0.13576662519010094,
      0.13797870869625328,
      0.1399142817641366,
      0.14032904742154018,
      0.14198811005115444,
      0.14337066224249964,
      0.14461495921471035,
      0.14558274574865201,
      0.14655053228259365,
      0.1473800635974008,
      0.1486243605696115,
      0.14959214710355315,
      0.15097469929489837,
      0.15208074104797456,
      0.15373980367758883,
      0.1555371215263376,
      0.1566431632794138,
      0.15774920503249,
      0.15954652288123877,
      0.16106733029171852,
      0.16203511682566016,
      0.1635559242361399,
      0.1646619659892161,
      0.1659062629614268,
      0.16742707037190654,
      0.16880962256325177,
      0.17005391953546245,
      0.1721277478224803,
      0.17309553435642194,
      0.1751693626434398,
      0.17599889395824692,
      0.17738144614959214,
      0.17876399834093737,
      0.18000829531314808,
      0.18111433706622426,
      0.1813908475044933,
      0.1820821236001659,
      0.1831881653532421,
      0.18429420710631828,
      0.18526199364025991,
      0.18609152495506706,
      0.18775058758468133,
      0.1883036084612194,
      0.18982441587169915,
      0.1913452232821789,
      0.1924512650352551,
      0.19341905156919673,
      0.19466334854140743,
      0.19549287985621458,
      0.1968754320475598
    ]
  },
  "24x24": {
    "vlr_size": 24,
    "psnr_mean": 31.573539296275424,
    "psnr_std": 2.9065787015593694,
    "ssim_mean": 0.8759974992822428,
    "ssim_std": 0.042052178603909154,
    "feature_preservation_mean": 0.9885005762958434,
    "feature_preservation_std": 0.008374023591291049,
    "eer": 0.2372674418604651,
    "eer_threshold": 0.8810616731643677,
    "roc_auc": 0.8474284879314297,
    "tar_at_far_0001": 0.03693240542961483,
    "tar_at_far_001": 0.0826018052780266,
    "tar_at_far_01": 0.21690208778336664,
    "tar_at_far_10": 0.549324743333563,
    "d_prime": 1.2681132394615544,
    "genuine_score_mean": 0.9098754557016316,
    "genuine_score_std": 0.07377671294036174,
    "impostor_score_mean": 0.755493503802586,
    "impostor_score_std": 0.15556015155333056,
    "rank1_accuracy_1v1": 0.9260334577630306,
    "rank1_accuracy_1v10": 0.4855523296004424,
    "rank1_accuracy_1v100": 0.15221899626710908,
    "rank1_accuracy_1vN": 0.021014793308447393,
    "rank5_accuracy_1vN": 0.06774505737591593,
    "rank10_accuracy_1vN": 0.1164108945112678,
    "rank20_accuracy_1vN": 0.1938338172266003,
    "rank1_accuracy": 0.021014793308447393,
    "rank5_accuracy": 0.06774505737591593,
    "rank10_accuracy": 0.1164108945112678,
    "identity_sim_mean": 0.9885005762958434,
    "identity_sim_std": 0.008374023591291049,